index,pmid,decision,fails,note
0,40538965,eligible,,
1,30441151,eligible,,
2,41529594,excluded,,
3,34926630,excluded,,
4,37114869,excluded,,
5,42037338,excluded,,
6,41161262,eligible,,
7,40009070,excluded,,
8,41893409,eligible,,
9,38582120,excluded,,
10,36086459,eligible,,
11,42520836,excluded,,
12,39123879,eligible,,
13,42037737,excluded,,
14,34874934,excluded,,
15,41374663,excluded,,
16,40758568,eligible,,
17,35794172,excluded,,
18,42295582,excluded,,
19,42039930,excluded,,
20,41855851,excluded,,
21,42406767,excluded,,
22,39901056,eligible,,
23,41633129,eligible,,
24,33348218,eligible,,
25,41226952,excluded,,
26,36773593,excluded,,
27,41280444,eligible,,
28,36121054,excluded,,
29,42682297,excluded,,
30,40800688,eligible,,
31,31562074,eligible,,
32,39262949,excluded,,
33,33257940,excluded,,
34,42485197,eligible,,
35,38273321,excluded,,
36,42510381,eligible,,
37,37216251,excluded,,
38,37430892,eligible,,
39,30510500,excluded,,
40,40340144,excluded,,
41,33748420,excluded,,
42,42435758,excluded,,
43,37888338,excluded,,
44,41792743,excluded,,
45,37438494,eligible,,
46,42456718,excluded,,
47,42356862,excluded,,
48,41755248,excluded,,
49,37370530,excluded,,
50,35409671,excluded,,
51,40519596,excluded,,
52,42552340,eligible,,
53,38617469,excluded,,
54,38082966,excluded,,
55,36958709,eligible,,
56,41772752,eligible,,
57,42198080,excluded,,
58,42714989,excluded,,
59,40039387,excluded,,
