index,pmid,my_decision,my_fails,my_reason
00,40538965,excluded,iii,"Cohort study; ML only validates markers at 86% accuracy with no named baseline or comparator model"
01,30441151,excluded,iii,"CNN+LSTM video seizure typing; reports its own 92.1%/58.5% CV accuracy, no named prior method compared"
02,41529594,excluded,i,"HR/VO2 physiological time series within sessions; no spatial dimension and not longitudinal follow-up"
03,34926630,excluded,iii,"Perspective article on medicine-based evidence and digital twins; no quantitative result at all"
04,37114869,excluded,ii,"PM2.5 chemical composition mapping; environmental task, not a human clinical or public-health outcome"
05,42037338,excluded,iii,"PINN on eight idealized vessel models; claims high accuracy and superiority but names no compared alternative with numbers"
06,41161262,eligible,,"Hospital-acquired infection risk from patient movement (space) and time; hybrid 78.96% vs decoupled 71.46% vs integrated 57.73%"
07,40009070,excluded,ii,"Mouse oviduct multi-omics; animal study"
08,41893409,eligible,,"Dengue forecasting across 64 districts over 2017-2024; MLP vs ConvLSTM with accuracy 0.93 and ROC-AUC 0.99"
09,38582120,excluded,ii,"Urban air-temperature mapping; health is motivation only, the modelled outcome is temperature"
10,36086459,eligible,,"Surgical phase recognition from video, spatial plus temporal transformer; outperforms state of the art at 91.4% and 84.2%"
11,42520836,excluded,iii,"HFG-Net EEG ASD diagnosis; reports only its own 95.79% accuracy, no named comparator with numbers"
12,39123879,eligible,,"Sleep posture from a sparse pressure array, spatial map plus temporal cardiorespiratory signal; 93.02% accuracy stated as comparable to state-of-the-art sensor-heavy methods"
13,42037737,excluded,iii,"Wearable HAR plus 12-week RCT; intervention outcomes reported but no model-versus-baseline comparison"
14,34874934,excluded,iii,"STDGNN predicts post-TACE DCE-MRI, 93.5% response classification; no named alternative in the abstract (abstract is truncated - worth opening)"
15,41374663,excluded,ii,"Coral reef monitoring; not a health task"
16,40758568,eligible,,"Left-atrium segmentation on CMR cine, 3D spatiotemporal convolutions; Dice 0.921, a 12.3% improvement over conventional methods"
17,35794172,excluded,i,"Kidney CT classification from still images; no temporal dimension"
18,42295582,excluded,ii,"Motor-imagery BCI decoding for interfaces and robotics; not a clinical or public-health task"
19,42039930,excluded,i,"EHR section-aware text encoding; no spatial dimension and no explicit temporal model over the record sequence"
20,41855851,excluded,i,"The 'temporal' axis is the MRI slice index, which is a spatial dimension - no time and no follow-up"
21,42406767,excluded,ii,"PM2.5 concentration modelling; health is the motivation, the modelled outcome is pollution"
22,39901056,eligible,,"Graph spatiotemporal attention on EEG; 98.2% accuracy on CHB-MIT stated as surpassing previous studies"
23,41633129,eligible,,"3D breast ultrasound, spatial reconstruction plus video dynamics; r>0.99 against CT reference, 86.1% on BUV"
24,33348218,eligible,,"Neonatal pain from video plus voice; AUC 0.87 and 79% accuracy, 6.67% above the unimodal baselines"
25,41226952,excluded,iii,"Narrative review with no primary quantitative result - should have been dropped at the item-type stage"
26,36773593,excluded,iii,"In-silico cardiac parameter estimation; accurate fits reported but no named alternative method compared"
27,41280444,eligible,,"Sobel Network on EEG for depression screening; 98.67% accuracy stated as significantly above other deep models"
28,36121054,excluded,i,"Pneumonia triage digital twin; no spatial dimension and no explicit temporal model over the record"
29,42682297,excluded,iii,"No abstract in PubMed and no quantitative result to check - looks like correspondence rather than a study"
30,40800688,eligible,,"Multi-channel EEG seizure recognition; 98.97% vs STFTormer 97.39%, a named comparator with numbers"
31,31562074,eligible,,"4D longitudinal tumour growth, ST-ConvLSTM; Dice 83.2% significantly over linear, ConvLSTM and GAN"
32,39262949,excluded,ii,"Lithium-ion battery remaining useful life; not a health task"
33,33257940,excluded,iii,"Neurophysiology of phase-amplitude coupling in PD; group contrasts and correlations, no model against a baseline"
34,42485197,eligible,,"Echocardiography segmentation with motion memory; outperforms state-of-the-art on CAMUS, HMC-QU and a private set (no figure given in the abstract - worth a look)"
35,38273321,excluded,iii,"OCTA perfusion heterogeneity in diabetic retinopathy; correlations with severity, no model against a baseline"
36,42510381,eligible,,"Laparoscopic video desmoking with temporal stabilisation; PSNR 23.39 and SSIM 0.62 above DehazeFormer and Colores et al."
37,37216251,excluded,i,"The sequence is 15 viewing angles of a rotational angiogram, i.e. geometry rather than time - same call as #20"
38,37430892,eligible,,"Parkinsonian gait from skeleton graphs over time; 87.1% accuracy above LSTM, KNN, decision tree, AdaBoost and ST-GCN"
39,30510500,excluded,ii,"Environmental sound and spoken-digit classification; not a health task"
40,40340144,excluded,ii,"Aeroengine remaining useful life; not a health task"
41,33748420,excluded,iii,"ST-CNN identifies the default mode network in fMRI; generalisation claimed but no metric and no comparator reported"
42,42435758,excluded,ii,"miRNA hydrogel in streptozotocin diabetic mice; animal study"
43,37888338,excluded,iii,"PET reconstruction on synthetic data; says it outperforms current practice but reports no quantitative value"
44,41792743,excluded,iii,"Knee osteoarthritis from smartphone video, AUC 0.981; the figure is its own performance, no alternative method compared"
45,37438494,eligible,,"Cybersickness from EEG and HRV; 85.9% prediction and 76.6% detection for EEG against 74.2% and 72.6% for HRV"
46,42456718,excluded,ii,"EEG personality recognition against the Big Five; not a clinical or public-health task"
47,42356862,excluded,ii,"Selective laser melting equipment fault diagnosis; not a health task"
48,41755248,excluded,ii,"Pedestrian trajectory prediction from INS-GNSS wearables; navigation, not health"
49,37370530,excluded,ii,"Cattle behaviour recognition in barns; animal husbandry"
50,35409671,excluded,ii,"Regional ozone and PM2.5 forecasting; environmental outcome, not a health outcome"
51,40519596,excluded,ii,"Tomato plant health monitoring; not human health"
52,42552340,eligible,,"Dengue risk mapping in Colombia with a spatiotemporal U-Net++; test mIoU 0.6646 for the best configuration against the other model variants"
53,38617469,excluded,iii,"GLULA activity recognition; claims it outperforms recent models but gives no metric value in the abstract"
54,38082966,excluded,iii,"Four-phase CT hepatic malignancy, 85.00% accuracy and 88.91% AUC; no alternative method compared"
55,36958709,eligible,,"Unsupervised clustering of left-atrial strain with 6.3-year follow-up; two named methods, and cluster 5 carries HR 1.36 (95% CI 1.09-1.70)"
56,41772752,eligible,,"Implicit neural representation motion compensation for cardiac QSM; superior image quality (p=0.0067) against the reference navigator acquisition"
57,42198080,excluded,ii,"Tennis stroke skill classification; sports performance, not a clinical task"
58,42714989,excluded,iii,"S2GNet depression detection from interview video; effectiveness asserted on four datasets with no figure reported"
59,40039387,excluded,ii,"Nursing activity recognition for nurse training and robotics; not a patient clinical task"
