index,pmid,r1,r2,r3,rule_verdict
00,40538965,1,1,1,eligible
01,30441151,1,1,0,excluded_r3
02,41529594,1,0,1,excluded_r2
03,34926630,1,0,0,excluded_r2
04,37114869,0,1,0,excluded_r1
05,42037338,1,1,0,excluded_r3
06,41161262,1,1,1,eligible
07,40009070,1,1,0,excluded_r3
08,41893409,1,1,0,excluded_r3
09,38582120,0,1,0,excluded_r1
10,36086459,1,1,1,eligible
11,42520836,1,1,0,excluded_r3
12,39123879,1,1,1,eligible
13,42037737,1,1,0,excluded_r3
14,34874934,1,1,1,eligible
15,41374663,1,0,1,excluded_r2
16,40758568,1,1,1,eligible
17,35794172,1,0,1,excluded_r2
18,42295582,1,1,1,eligible
19,42039930,1,0,0,excluded_r2
20,41855851,1,1,1,eligible
21,42406767,1,1,1,eligible
22,39901056,1,1,0,excluded_r3
23,41633129,1,1,1,eligible
24,33348218,1,1,1,eligible
25,41226952,1,0,0,excluded_r2
26,36773593,1,0,0,excluded_r2
27,41280444,1,1,1,eligible
28,36121054,1,0,1,excluded_r2
29,42682297,1,0,0,excluded_r2
30,40800688,1,1,1,eligible
31,31562074,1,1,1,eligible
32,39262949,0,1,1,excluded_r1
33,33257940,1,1,0,excluded_r3
34,42485197,1,1,0,excluded_r3
35,38273321,1,1,0,excluded_r3
36,42510381,1,1,0,excluded_r3
37,37216251,1,1,1,eligible
38,37430892,1,1,1,eligible
39,30510500,1,1,0,excluded_r3
40,40340144,1,1,0,excluded_r3
41,33748420,1,1,0,excluded_r3
42,42435758,1,1,0,excluded_r3
43,37888338,1,1,0,excluded_r3
44,41792743,1,1,0,excluded_r3
45,37438494,1,1,1,eligible
46,42456718,1,1,1,eligible
47,42356862,0,1,0,excluded_r1
48,41755248,0,1,1,excluded_r1
49,37370530,1,1,0,excluded_r3
50,35409671,0,1,1,excluded_r1
51,40519596,0,1,0,excluded_r1
52,42552340,1,1,0,excluded_r3
53,38617469,1,1,0,excluded_r3
54,38082966,1,1,0,excluded_r3
55,36958709,1,1,0,excluded_r3
56,41772752,1,1,1,eligible
57,42198080,1,1,1,eligible
58,42714989,1,1,0,excluded_r3
59,40039387,1,1,1,eligible
