bibkey,status,author_check,title_sim,source,doi,link,bib_title,index_title,bib_first_author,index_first_author,bib_year,index_year,index_authors,note
wang2022deep,verified,match,1.0,crossref:doi,10.1109/tkde.2020.3025580,https://doi.org/10.1109/tkde.2020.3025580,Deep Learning for Spatio-Temporal Data Mining: A Survey,Deep Learning for Spatio-Temporal Data Mining: A Survey,Wang,Wang,2022,2022,"Wang, Senzhang; Cao, Jiannong; Yu, Philip S.",
atluri2018stdm,verified,match,0.621,crossref:doi,10.1145/3161602,https://doi.org/10.1145/3161602,Spatio-Temporal Data Mining: A Survey of Problems and Methods,Spatio-Temporal Data Mining,Atluri,Atluri,2018,2019,"Atluri, Gowtham; Karpatne, Anuj; Kumar, Vipin",title variant on record: 'Spatio-Temporal Data Mining'
miotto2018deeplearning,verified,match,1.0,crossref:search,10.1093/bib/bbx044,https://doi.org/10.1093/bib/bbx044,"Deep Learning for Healthcare: Review, Opportunities and Challenges","Deep learning for healthcare: review, opportunities and challenges",Miotto,Miotto,2018,2018,"Miotto, Riccardo; Wang, Fei; Wang, Shuang; Jiang, Xiaoqian; Dudley, Joel T",DOI found by title search
Busnatu2022,verified,match,1.0,crossref:search,10.3390/jpm12101656,https://doi.org/10.3390/jpm12101656,A Review of Digital Health and Biotelemetry: Modern Approaches Towards Personalized Medicine and Remote Health Assessment,A Review of Digital Health and Biotelemetry: Modern Approaches towards Personalized Medicine and Remote Health Assessment,Busnatu,Busnatu,2022,2022,"Busnatu, Ștefan Sebastian; Niculescu, Adelina-Gabriela; Bolocan, Alexandra; Andronic, Octavian; Pantea Stoian, Anca Mihaela; Scafa-Udriște, Alexandru; Stănescu, Ana Maria Alexandra; Păduraru, Dan Nicolae; Nicolescu, Mihnea Ioan; Grumezescu, Alexandru Mihai; Jinga, Viorel",DOI found by title search
shukla2021irregular,verified,match,1.0,openalex,10.48550/arxiv.2012.00168,https://doi.org/10.48550/arxiv.2012.00168,"A Survey on Principles, Models and Methods for Learning from Irregularly Sampled Time Series","A Survey on Principles, Models and Methods for Learning from Irregularly Sampled Time Series",Shukla,Shukla,2020,2020,"Shukla, Satya Narayan; Marlin, Benjamin M.",matched on OpenAlex
Wang2023Survey,verified,match,1.0,crossref:doi,10.1109/jiot.2023.3263909,https://doi.org/10.1109/jiot.2023.3263909,"A Survey on Digital Twins: Architecture, Enabling Technologies, Security and Privacy, and Future Prospects","A Survey on Digital Twins: Architecture, Enabling Technologies, Security and Privacy, and Future Prospects",Wang,Wang,2023,2023,"Wang, Yuntao; Su, Zhou; Guo, Shaolong; Dai, Minghui; Luan, Tom H.; Liu, Yiliang",
Sel2025VVUQ,verified,match,1.0,crossref:doi,10.1038/s41746-025-01447-y,https://doi.org/10.1038/s41746-025-01447-y,"Survey and Perspective on Verification, Validation, and Uncertainty Quantification of Digital Twins for Precision Medicine","Survey and perspective on verification, validation, and uncertainty quantification of digital twins for precision medicine",Sel,Sel,2025,2025,"Sel, Kaan; Hawkins-Daarud, Andrea; Chaudhuri, Anirban; Osman, Deen; Bahai, Ahmad; Paydarfar, David; Willcox, Karen; Chung, Caroline; Jafari, Roozbeh",
Zheng2026DTtoWM,verified,match,1.0,arxiv:id,10.48550/arXiv.2603.17420,https://arxiv.org/abs/2603.17420v1,"From Digital Twins to World Models: Opportunities, Challenges, and Applications for Mobile Edge General Intelligence","From Digital Twins to World Models:Opportunities, Challenges, and Applications for Mobile Edge General Intelligence",Zheng,Zheng,2026,2026,"Zheng, Jie; Niyato, Dusit; Zhao, Changyuan; Kang, Jiawen; Wang, Jiacheng",
McCullough2022Diet,verified,match,1.0,crossref:search,10.1001/jamanetworkopen.2022.16406,https://doi.org/10.1001/jamanetworkopen.2022.16406,Association of Socioeconomic and Geographic Factors with Diet Quality in US Adults,Association of Socioeconomic and Geographic Factors With Diet Quality in US Adults,McCullough,McCullough,2022,2022,"McCullough, Marjorie L.; Chantaprasopsuk, Sicha; Islami, Farhad; Rees-Punia, Erika; Um, Caroline Y.; Wang, Ying; Leach, Corinne R.; Sullivan, Kristen R.; Patel, Alpa V.",DOI found by title search
Vaughan2025CGMPrediction,verified,match,1.0,crossref:search,10.1038/s41598-025-29169-x,https://doi.org/10.1038/s41598-025-29169-x,Continuous Blood Glucose Monitoring Prediction for Diabetes Using Evolving Neural Network,Continuous blood glucose monitoring prediction for diabetes using evolving neural network,Vaughan,Vaughan,2025,2025,"Vaughan, Neil",DOI found by title search
che2018grud,verified,match,1.0,crossref:doi,10.1038/s41598-018-24271-9,https://doi.org/10.1038/s41598-018-24271-9,Recurrent Neural Networks for Multivariate Time Series with Missing Values,Recurrent Neural Networks for Multivariate Time Series with Missing Values,Che,Che,2018,2018,"Che, Zhengping; Purushotham, Sanjay; Cho, Kyunghyun; Sontag, David; Liu, Yan",
Fang2021iPAT,unverified,n/a,0.0,,,,iPAT: Intelligent Diet Quality Pattern Analysis for Harmonized MA-National Trials,,Fang,,2021,,,no DOI/URL and no index match — verify by hand
caroprese2018deepehr,DOI-TITLE-MISMATCH,MISMATCH,0.26,crossref:doi,10.1109/bibm.2018.8621531,https://doi.org/10.1109/bibm.2018.8621531,Deep Learning Techniques for Electronic Health Record Analysis,Task-Independent EEG Identification via Low-Rank Matrix Decomposition,Caroprese,Kong,2018,2018,"Kong, Xianghao; Kong, Wanzeng; Fan, Qiaonan; Zhao, Qibin; Cichocki, Andrzej",DOI resolves to a different paper; check entry
liu2024temporallearning,verified,match,1.0,crossref:search,10.1016/j.aei.2024.102604,https://doi.org/10.1016/j.aei.2024.102604,Temporal Learning in Predictive Health Management Using Channel-Spatial Attention-Based Deep Neural Networks,Temporal learning in predictive health management using channel-spatial attention-based deep neural networks,Liu,Liu,2024,2024,"Liu, Chien-Liang; Su, Huan-Ci",DOI found by title search
liu2022convectionDiffusion,verified,match,1.0,crossref:doi,10.1080/01621459.2020.1863223,https://doi.org/10.1080/01621459.2020.1863223,Statistical Modeling for Spatio-Temporal Data from Stochastic Convection-Diffusion Processes,Statistical Modeling for Spatio-Temporal Data From Stochastic Convection-Diffusion Processes,Liu,Liu,2022,2022,"Liu, Xiao; Yeo, Kyongmin; Lu, Siyuan",
gasperoni2023scoreDriven,verified,match,1.0,crossref:doi,10.1080/01621459.2021.1970571,https://doi.org/10.1080/01621459.2021.1970571,Score-Driven Modeling of Spatio-Temporal Data,Score-Driven Modeling of Spatio-Temporal Data,Gasperoni,Gasperoni,2023,2023,"Gasperoni, Francesca; Luati, Alessandra; Paci, Lucia; D’Innocenzo, Enzo",
castroMorales2025dynamicDeformation,verified,match,1.0,crossref:doi,10.1093/jrsssc/qlae076,https://doi.org/10.1093/jrsssc/qlae076,Spatiotemporal Modelling with Dynamic Deformation for Nonstationary Covariance Structures,Spatiotemporal modelling with dynamic deformation for nonstationary covariance structures,Morales,Morales,2025,2025,"Morales, Fidel Ernesto Castro; Paez, Marina Silva",
wikle2023statisticalDeepLearning,verified,match,0.992,crossref:doi,10.1146/annurev-statistics-033021-112628,https://doi.org/10.1146/annurev-statistics-033021-112628,Statistical Deep Learning for Spatial and Spatio-Temporal Data,Statistical Deep Learning for Spatial and Spatiotemporal Data,Wikle,Wikle,2023,2023,"Wikle, Christopher K.; Zammit-Mangion, Andrew",
scarselli2009gnn,verified,match,1.0,crossref:doi,10.1109/tnn.2008.2005605,https://doi.org/10.1109/tnn.2008.2005605,The Graph Neural Network Model,The Graph Neural Network Model,Scarselli,Scarselli,2009,2009,"Scarselli, F.; Gori, M.; Ah Chung Tsoi, ; Hagenbuchner, M.; Monfardini, G.",
rumelhart1986rnn,verified,match,1.0,crossref:search,10.21236/ada164453,https://doi.org/10.21236/ada164453,Learning Internal Representations by Error Propagation,Learning Internal Representations by Error Propagation,Rumelhart,Rumelhart,1986,1985,"Rumelhart, David E.; Hinton, Geoffrey E.; Williams, Ronald J.",DOI found by title search
vaswani2017attention,verified,match,1.0,arxiv,,https://arxiv.org/abs/1706.03762v7,Attention Is All You Need,Attention Is All You Need,Vaswani,Vaswani,2017,2017,"Vaswani, Ashish; Shazeer, Noam; Parmar, Niki; Uszkoreit, Jakob; Jones, Llion; Gomez, Aidan N.; Kaiser, Lukasz; Polosukhin, Illia",matched on arXiv
hinton2006reducing,verified,match,1.0,crossref:doi,10.1126/science.1127647,https://doi.org/10.1126/science.1127647,Reducing the Dimensionality of Data with Neural Networks,Reducing the Dimensionality of Data with Neural Networks,Hinton,Hinton,2006,2006,"Hinton, G. E.; Salakhutdinov, R. R.",
gu2023mamba,verified,match,1.0,openalex,10.48550/arxiv.2312.00752,https://doi.org/10.48550/arxiv.2312.00752,Mamba: Linear-Time Sequence Modeling with Selective State Spaces,Mamba: Linear-Time Sequence Modeling with Selective State Spaces,Gu,Gu,2023,2023,"Gu, Albert; Dao, Tri",matched on OpenAlex
goodfellow2014gan,verified,match,0.931,openalex,10.48550/arxiv.1406.2661,https://doi.org/10.48550/arxiv.1406.2661,Generative Adversarial Nets,Generative Adversarial Networks,Goodfellow,Goodfellow,2014,2014,"Goodfellow, Ian; Pouget-Abadie, Jean; Mirza, Mehdi; Xu, Bing; Warde-Farley, David; Ozair, Sherjil; Courville, Aaron; Bengio, Yoshua",matched on OpenAlex
ho2020ddpm,verified,match,1.0,arxiv,,https://arxiv.org/abs/2006.11239v2,Denoising Diffusion Probabilistic Models,Denoising Diffusion Probabilistic Models,Ho,Ho,2020,2020,"Ho, Jonathan; Jain, Ajay; Abbeel, Pieter","title matches this record but bib authors differ: Jonathan, Ho,; Jain, Ajay N.; Abbeel, Pietermatched on arXiv"
maes2026leworldmodel,verified,match,1.0,openalex,10.48550/arxiv.2603.19312,https://doi.org/10.48550/arxiv.2603.19312,LeWorldModel: Stable End-to-End Joint-Embedding Predictive Architecture from Pixels,LeWorldModel: Stable End-to-End Joint-Embedding Predictive Architecture from Pixels,Maes,Maes,2026,2026,"Maes, Lucas; Lidec, Quentin Le; Scieur, Damien; LeCun, Yann; Balestriero, Randall",matched on OpenAlex
shi2015convolutional,verified,match,1.0,openalex,10.48550/arxiv.1506.04214,https://doi.org/10.48550/arxiv.1506.04214,Convolutional LSTM Network: A Machine Learning Approach for Precipitation Nowcasting,Convolutional LSTM Network: A Machine Learning Approach for Precipitation Nowcasting,Shi,Shi,2015,2015,"Shi, Xingjian; Chen, Zhourong; Wang, Hao; Yeung, Dit‐Yan; Wong, Wai Kin; Woo, Wang‐chun",matched on OpenAlex
shao2022longterm,verified,match,1.0,crossref:doi,10.24963/ijcai.2022/309,https://doi.org/10.24963/ijcai.2022/309,Long-Term Spatio-Temporal Forecasting via Dynamic Multiple-Graph Attention,Long-term Spatio-Temporal Forecasting via Dynamic Multiple-Graph Attention,Shao,Shao,2022,2022,"Shao, Wei; Jin, Zhiling; Wang, Shuo; Kang, Yufan; Xiao, Xiao; Menouar, Hamid; Zhang, Zhaofeng; Zhang, Junshan; Salim, Flora",
xu2020stransformer,verified,match,1.0,openalex,10.48550/arxiv.2001.02908,https://doi.org/10.48550/arxiv.2001.02908,Spatial-Temporal Transformer Networks for Traffic Flow Forecasting,Spatial-Temporal Transformer Networks for Traffic Flow Forecasting,Xu,Xu,2020,2020,"Xu, Mingxing; Dai, Wenrui; Liu, Chunmiao; Gao, Xing; Lin, Weiyao; Qi, Guo-Jun; Xiong, Hongkai",matched on OpenAlex
metzger2023crop,verified,match,1.0,arxiv:id,10.48550/arXiv.2012.02542,https://arxiv.org/abs/2012.02542v2,Crop Classification under Varying Cloud Cover with Neural Ordinary Differential Equations,Crop Classification under Varying Cloud Cover with Neural Ordinary Differential Equations,Metzger,Metzger,2023,2020,"Metzger, Nando; Turkoglu, Mehmet Ozgur; D'Aronco, Stefano; Wegner, Jan Dirk; Schindler, Konrad",
rubanova2019latent,verified,match,1.0,arxiv,,https://arxiv.org/abs/1907.03907v1,Latent ODEs for Irregularly-Sampled Time Series,Latent ODEs for Irregularly-Sampled Time Series,Rubanova,Rubanova,2019,2019,"Rubanova, Yulia; Chen, Ricky T. Q.; Duvenaud, David",matched on arXiv
chen2023contiformer,verified,match,1.0,crossref:search,10.52202/075280-2042,https://doi.org/10.52202/075280-2042,ContiFormer: Continuous-Time Transformer for Irregular Time Series Modeling,ContiFormer: Continuous-Time Transformer for Irregular Time Series Modeling,Chen,Chen,2023,2023,"Chen, Yuqi; Ren, Kan; Wang, Yansen; Fang, Yuchen; Sun, Weiwei; Li, Dongsheng",DOI found by title search
morenopino2024rough,verified,match,1.0,crossref:search,10.52202/079017-3371,https://doi.org/10.52202/079017-3371,Rough Transformers: Lightweight and Continuous Time Series Modelling through Signature Patching,Rough Transformers: Lightweight and Continuous Time Series Modelling through Signature Patching,Moreno-Pino,Moreno-Pino,2024,2024,"Moreno-Pino, Fernando; Arroyo, Álvaro; Waldon, Harrison; Dong, Xiaowen; Cartea, Álvaro",DOI found by title search
zhou2022fedformer,verified,match,1.0,openalex,10.48550/arxiv.2201.12740,https://doi.org/10.48550/arxiv.2201.12740,FEDformer: Frequency Enhanced Decomposed Transformer for Long-Term Series Forecasting,FEDformer: Frequency Enhanced Decomposed Transformer for Long-term Series Forecasting,Zhou,Zhou,2022,2022,"Zhou, Tian; Ma, Ziqing; Wen, Qingsong; Wang, Xue; Sun, Liang; Jin, Rong",matched on OpenAlex
wang2023micn,unverified,n/a,0.0,,,,MICN: Multi-Scale Local and Global Context Modeling for Long-Term Series Forecasting,,Wang,,2023,,,no DOI/URL and no index match — verify by hand
Rouast2020IntakeGesture,verified,match,1.0,crossref:doi,10.1109/jbhi.2019.2942845,https://doi.org/10.1109/jbhi.2019.2942845,Learning Deep Representations for Video-Based Intake Gesture Detection,Learning Deep Representations for Video-Based Intake Gesture Detection,Rouast,Rouast,2020,2020,"Rouast, Philipp V.; Adam, Marc T. P.",
Li2020GluNet,verified,partial,1.0,crossref:doi,10.1109/jbhi.2019.2931842,https://doi.org/10.1109/jbhi.2019.2931842,GluNet: A Deep Learning Framework for Accurate Glucose Forecasting,GluNet: A Deep Learning Framework for Accurate Glucose Forecasting,Li,Li,2020,2020,"Li, Kezhi; Liu, Chengyuan; Zhu, Taiyu; Herrero, Pau; Georgiou, Pantelis",
XiaoLi2016DiabetesSpatiotemporal,verified,match,1.0,crossref:doi,10.4081/gh.2016.439,https://doi.org/10.4081/gh.2016.439,Identifying Counties Vulnerable to Diabetes from Obesity Prevalence in the United States: A Spatiotemporal Analysis,Identifying counties vulnerable to diabetes from obesity prevalence in the United States: a spatiotemporal analysis,Li,Li,2016,2016,"Li, Xiao; Staudt, Amanda; Chien, Lung-Chang",
2,verified,match,1.0,crossref:search,10.3390/brainsci12050630,https://doi.org/10.3390/brainsci12050630,A Depression Prediction Algorithm Based on Spatiotemporal Feature of EEG Signal,A Depression Prediction Algorithm Based on Spatiotemporal Feature of EEG Signal,Liu,Liu,2022,2022,"Liu, Wei; Jia, Kebin; Wang, Zhuozheng; Ma, Zhuo",DOI found by title search
3,AUTHOR-MISMATCH,MISMATCH,1.0,crossref:search,10.1016/j.heliyon.2024.e36877,https://doi.org/10.1016/j.heliyon.2024.e36877,MONDEP: A Unified SpatioTemporal MONitoring Framework for National DEPression Forecasting,MONDEP: A unified SpatioTemporal MONitoring Framework for National DEPression Forecasting,Thaipisutikul,Thaipisutikul,2024,2024,"Thaipisutikul, Tipajin; Vitoochuleechoti, Pasinpat; Thaipisutikul, Papan; Tuarob, Suppawong","title matches this record but bib authors differ: Thaipisutikul, Tipajin; Vitoochuleechoti, Pasinpat; Thaipisutikul, Papan; Tuarob, Suppawong"
4,verified,match,0.997,crossref:doi,10.1002/hbm.25529,https://doi.org/10.1002/hbm.25529,Spatio-Temporal Graph Convolutional Network for Diagnosis and Treatment Response Prediction of Major Depressive Disorder from Functional Connectivity,Spatio‐temporal graph convolutional network for diagnosis and treatment response prediction of major depressive disorder from functional connectivity,Kong,Kong,2021,2021,"Kong, Youyong; Gao, Shuwen; Yue, Yingying; Hou, Zhenhua; Shu, Huazhong; Xie, Chunming; Zhang, Zhijun; Yuan, Yonggui",
9,verified,match,1.0,crossref:search,10.3390/tomography10120138,https://doi.org/10.3390/tomography10120138,STANet: A Novel Spatio-Temporal Aggregation Network for Depression Classification with Small and Unbalanced fMRI Data,STANet: A Novel Spatio-Temporal Aggregation Network for Depression Classification with Small and Unbalanced FMRI Data,Zhang,Zhang,2024,2024,"Zhang, Wei; Zeng, Weiming; Chen, Hongyu; Liu, Jie; Yan, Hongjie; Zhang, Kaile; Tao, Ran; Siok, Wai Ting; Wang, Nizhuan",DOI found by title search
5,verified,match,1.0,crossref:search,10.1038/s41598-023-48986-6,https://doi.org/10.1038/s41598-023-48986-6,Resource-Efficient Aortic Distensibility Calculation by End-to-End Spatiotemporal Learning of Aortic Lumen from Multicentre Multivendor Multidisease CMR Images,Resource efficient aortic distensibility calculation by end to end spatiotemporal learning of aortic lumen from multicentre multivendor multidisease CMR images,Bohoran,Bohoran,2023,2023,"Bohoran, Tuan Aqeel; Parke, Kelly S.; Graham-Brown, Matthew P. M.; Meisuria, Mitul; Singh, Anvesha; Wormleighton, Joanne; Adlam, David; Gopalan, Deepa; Davies, Melanie J.; Williams, Bryan; Brown, Morris; McCann, Gerry P.; Giannakidis, Archontis",DOI found by title search
6,verified,match,1.0,crossref:doi,10.1016/j.compbiomed.2020.104200,https://doi.org/10.1016/j.compbiomed.2020.104200,Deep Learning in Spatiotemporal Cardiac Imaging: A Review of Methodologies and Clinical Usability,Deep learning in spatiotemporal cardiac imaging: A review of methodologies and clinical usability,Hernandez,Lara Hernandez,2021,2021,"Lara Hernandez, Karen Andrea; Rienmüller, Theresa; Baumgartner, Daniela; Baumgartner, Christian",
7,verified,match,1.0,crossref:doi,10.1016/j.compbiomed.2022.105586,https://doi.org/10.1016/j.compbiomed.2022.105586,Physics-Constrained Deep Active Learning for Spatiotemporal Modeling of Cardiac Electrodynamics,Physics-constrained deep active learning for spatiotemporal modeling of cardiac electrodynamics,Xie,Xie,2022,2022,"Xie, Jianxin; Yao, Bing",
jain2019attention,verified,match,1.0,crossref:search,10.18653/v1/n19-1357,https://doi.org/10.18653/v1/n19-1357,Attention is not Explanation,Attention is not Explanation,Jain,Jain,2019,2019,"Jain, Sarthak; Wallace, Byron C.",DOI found by title search
serrano2019attention,verified,match,1.0,crossref:search,10.18653/v1/p19-1282,https://doi.org/10.18653/v1/p19-1282,Is Attention Interpretable?,Is Attention Interpretable?,Serrano,Serrano,2019,2019,"Serrano, Sofia; Smith, Noah A.",DOI found by title search
wiegreffe2019attention,verified,match,1.0,crossref:search,10.18653/v1/d19-1002,https://doi.org/10.18653/v1/d19-1002,Attention is not not Explanation,Attention is not not Explanation,Wiegreffe,Wiegreffe,2019,2019,"Wiegreffe, Sarah; Pinter, Yuval",DOI found by title search
tonekaboni2019clinicians,verified,match,1.0,openalex,10.48550/arxiv.1905.05134,https://doi.org/10.48550/arxiv.1905.05134,What Clinicians Want: Contextualizing Explainable Machine Learning for Clinical End Use,What Clinicians Want: Contextualizing Explainable Machine Learning for Clinical End Use,Tonekaboni,Tonekaboni,2019,2019,"Tonekaboni, Sana; Joshi, Shalmali; McCradden, Melissa D.; Goldenberg, Anna",matched on OpenAlex
rudin2019stopexplaining,verified,match,1.0,crossref:doi,10.1038/s42256-019-0048-x,https://doi.org/10.1038/s42256-019-0048-x,Stop Explaining Black Box Machine Learning Models for High Stakes Decisions and Use Interpretable Models Instead,Stop explaining black box machine learning models for high stakes decisions and use interpretable models instead,Rudin,Rudin,2019,2019,"Rudin, Cynthia",
lin2022deep,verified,match,1.0,crossref:doi,10.1002/sim.9392,https://doi.org/10.1002/sim.9392,Deep Learning for the Dynamic Prediction of Multivariate Longitudinal and Survival Data,Deep learning for the dynamic prediction of multivariate longitudinal and survival data,Lin,Lin,2021,2022,"Lin, Jeffrey; Luo, Sheng",
nitski2021long,verified,match,1.0,crossref:doi,10.1016/s2589-7500(21)00040-6,https://doi.org/10.1016/s2589-7500(21)00040-6,Long-Term Mortality Risk Stratification of Liver Transplant Recipients: Real-Time Application of Deep Learning Algorithms on Longitudinal Data,Long-term mortality risk stratification of liver transplant recipients: real-time application of deep learning algorithms on longitudinal data,Nitski,Nitski,2021,2021,"Nitski, Osvald; Azhie, Amirhossein; Qazi-Arisar, Fakhar Ali; Wang, Xueqi; Ma, Shihao; Lilly, Leslie; Watt, Kymberly D; Levitsky, Josh; Asrani, Sumeet K; Lee, Douglas S; Rubin, Barry B; Bhat, Mamatha; Wang, Bo",
glaser2022deep,verified,match,1.0,crossref:doi,10.1038/s43856-022-00166-9,https://doi.org/10.1038/s43856-022-00166-9,Deep Learning Predicts All-Cause Mortality from Longitudinal Total-Body DXA Imaging,Deep learning predicts all-cause mortality from longitudinal total-body DXA imaging,Glaser,Glaser,2022,2022,"Glaser, Yannik; Shepherd, John; Leong, Lambert; Wolfgruber, Thomas; Lui, Li-Yung; Sadowski, Peter; Cummings, Steven R.",
Lim2025VirtualCGM,verified,match,1.0,crossref:doi,10.1038/s41598-025-01367-7,https://doi.org/10.1038/s41598-025-01367-7,A Deep Learning Framework for Virtual Continuous Glucose Monitoring and Glucose Prediction Based on Life-Log Data,A deep learning framework for virtual continuous glucose monitoring and glucose prediction based on life-log data,Lim,Lim,2025,2025,"Lim, Min Hyuk; Chae, Hyocheol; Yoon, Jeongwon; Shin, Insik",
Tao2018,verified,match,1.0,crossref:doi,10.1016/j.cirp.2018.04.055,https://doi.org/10.1016/j.cirp.2018.04.055,Digital Twin Driven Prognostics and Health Management for Complex Equipment,Digital twin driven prognostics and health management for complex equipment,Tao,Tao,2018,2018,"Tao, Fei; Zhang, Meng; Liu, Yushan; Nee, A.Y.C.",
NIST2021,unverified,n/a,0.0,,,,"Framework for Cyber-Physical Systems, Release 2.0",,Standards,,2021,,,no DOI/URL and no index match — verify by hand
Faruqui2024,verified,match,0.814,crossref:search,10.2196/preprints.58412,https://doi.org/10.2196/preprints.58412,Nurse-in-the-Loop Artificial Intelligence for Precision Management of Type 2 Diabetes via a Predictive Digital Twin,Nurse-in-the-Loop Artificial Intelligence for Precision Management of Type 2 Diabetes in a Clinical Trial Utilizing Transfer-Learned Predictive Digital Twin (Preprint),Faruqui,Faruqui,2024,2024,"Faruqui, Syed Hasib Akhter; Alaeddini, Adel; Du, Yan; Li, Shiyu; Sharma, Kumar; Wang, Jing",DOI found by title search
Seh2020HealthcareDataBreaches,verified,match,1.0,crossref:doi,10.3390/healthcare8020133,https://doi.org/10.3390/healthcare8020133,Healthcare Data Breaches: Insights and Implications,Healthcare Data Breaches: Insights and Implications,Seh,Seh,2020,2020,"Seh, Adil Hussain; Zarour, Mohammad; Alenezi, Mamdouh; Sarkar, Amal Krishna; Agrawal, Alka; Kumar, Rajeev; Ahmad Khan, Raees",
prayitno2021FLhealthcare,verified,match,0.72,crossref:doi,10.3390/app112311191,https://doi.org/10.3390/app112311191,A Systematic Review of Federated Learning in Healthcare Applications,A Systematic Review of Federated Learning in the Healthcare Area: From the Perspective of Data Properties and Applications,Prayitno,Prayitno,2021,2021,"Prayitno, ; Shyu, Chi-Ren; Putra, Karisma Trinanda; Chen, Hsing-Chung; Tsai, Yuan-Yu; Hossain, K. S. M. Tozammel; Jiang, Wei; Shae, Zon-Yin",title variant on record: 'A Systematic Review of Federated Learning in the Healthcare Area: From the Perspective of Data Properties and Applications'
aouedi2022FLmedical,verified,match,1.0,crossref:doi,10.1109/jbhi.2022.3185673,https://doi.org/10.1109/jbhi.2022.3185673,Handling Privacy-Sensitive Medical Data With Federated Learning: Challenges and Future Directions,Handling Privacy-Sensitive Medical Data With Federated Learning: Challenges and Future Directions,Aouedi,Aouedi,2023,2023,"Aouedi, Ons; Sacco, Alessio; Piamrat, Kandaraj; Marchetto, Guido",
Auvinet2018AR,verified,match,1.0,crossref:doi,10.1007/978-3-030-24243-5_27,https://doi.org/10.1007/978-3-030-24243-5_27,Augmented Reality Technology for Joint Replacement,Augmented Reality Technology for Joint Replacement,Auvinet,Auvinet,2020,2020,"Auvinet, Edouard; Maillot, Cedric; Uzoho, Chukwudi",
Louis2021VR,verified,match,1.0,crossref:doi,10.1093/neuopn/okaa004,https://doi.org/10.1093/neuopn/okaa004,Impact of Neurosurgical Consultation with 360-Degree Virtual Reality Technology on Patient Engagement and Satisfaction,Impact of Neurosurgical Consultation With 360-Degree Virtual Reality Technology on Patient Engagement and Satisfaction,Louis,Louis,2020,2020,"Louis, Robert; Cagigas, Jeanine; Brant-Zawadzki, Michael; Ricks, Michael",
Sadee2025MedicalDT,verified,match,1.0,crossref:doi,10.1016/j.landig.2025.02.004,https://doi.org/10.1016/j.landig.2025.02.004,Medical Digital Twins: Enabling Precision Medicine and Medical Artificial Intelligence,Medical digital twins: enabling precision medicine and medical artificial intelligence,Sadee,Sadée,2025,2025,"Sadée, Christoph; Testa, Stefano; Barba, Thomas; Hartmann, Katherine; Schuessler, Maximilian; Thieme, Alexander; Church, George M; Okoye, Ifeoma; Hernandez-Boussard, Tina; Hood, Leroy; Shmulevich, Ilya; Kuhl, Ellen; Gevaert, Olivier",
